problem_id,function_name,summary_ja,haiku-4-5_en_python,gpt-5.4_en_python,haiku-4-5_pyguide_ja_yui
0,has_close_elements,リストnumbersの中に、与えられたthresholdより近い２つの数値が存在するか判定する,pass,pass,fail
1,separate_paren_groups,この関数への入力は、入れ子になった括弧が複数含まれる文字列である。 あなたの目的は、これらの括弧を別々の文字列に分割し、そのリストを返すことである。 分離された括弧はバランスがとれ、つまり、開いた括弧はそれぞれ適切に閉じられていて、 互いに入れ子になっていない。引数の文字列内の空白は無視せよ。,pass,pass,fail
2,truncate_number,正の浮動小数点数が与えられると、それを整数部（与えられた数より小さい最大の整数） と小数部（常に1より小さい残余部分）に分解することができる。,pass,pass,pass
3,below_zero,銀行口座に対する入出金操作のリストが与えられます。あなたのタスクは、残高ゼロから 始まて、口座の残高がゼロ以下になったかどうかを検出し、その時点で関数がTrueを 返すようにすることです。そうでなければFalseを返すようにしてください。,pass,pass,fail
4,mean_absolute_deviation,第一引数の数値リストに対して、このデータセットの平均値を中心とした平均絶対偏差(MAD)を計算する。 平均絶対偏差(MAD)とは、各要素と中心点（この場合は平均値）との差の絶対値の平均である: MAD = 平均｜x - x_mean｜,pass,pass,pass
5,intersperse,数値リスト numbers 中の全ての連続する二要素の間に、'delimeterの値を挿入する,pass,pass,pass
6,parse_nested_parens,この関数の入力は、空白で区切られた複数の入れ子になった括弧のグループを表す文字列です。 各グループについて、括弧の最も深い入れ子のレベルを出力します。 例えば、'(()())'は最大で2レベルの入れ子になっていますが、'((()))'は3レベルです。,pass,pass,pass
7,filter_by_substring,文字列リストstringsを、与えれた部分文字列substringを含むものだけにフィルタする,pass,pass,fail
8,sum_product,与えられた整数リストに対して、リスト内のすべての整数の和と積からなるタプルを返す。 ただし、空の和は0、空の積は1とする。,pass,pass,fail
9,rolling_max,与えられた整数リストから、各要素のそこまでの最大値（ローリング最大値）のリストを生成する。,pass,pass,fail
10,is_palindrome,与えられた文字列が回文かどうかをテストします。,pass,pass,fail
11,string_xor,引数は1と0のみからなる文字列aとbである。 これらの引数に対して排他論理和(XOR)を実行し、結果を文字列として返す。,pass,pass,fail
12,longest,文字列のリストのうち、最も長いものを返す。同じ長さの文字列が 複数ある場合は最初のものを返す。入力リストが空の場合は None を返す。,pass,pass,fail
13,greatest_common_divisor,整数 a と b の最大公約数を返す,pass,pass,pass
14,all_prefixes,引数で与えられた文字列に対して、短いものから長いものへ、全ての接頭辞のリストを返す,pass,pass,pass
15,string_sequence,0からnまでの数字を空白区切りで連結した文字列で返す。,pass,pass,fail
16,count_distinct_characters,文字列が与えられたとき、その文字列が（大文字小文字に関係なく）いくつの異なる文字が含まれているか数える,pass,pass,fail
17,parse_music,この関数の引数は、特別なASCII形式の音符を表す文字列である。あなたの仕事は、この文字列を解析して、それぞれの音符が何拍続くかに対応する整数のリストを返すことである。 ここに凡例がある： o' - 全音符、4拍続く o|' - 2分音符、2拍続く .|」-4分音符、1拍続く,pass,pass,fail
18,how_many_times,部分文字列substringが文字列stringの中で何回見つかるか数える。 重なるケースもカウントに含まれる。,pass,pass,fail
19,sort_numbers,"引数は'zero'から'nine'までの英単語の数を空白で区切った文字列である。 有効な英単語は''、'zero', 'one'、'two'、'three'、'four'、'five'、'six'、'seven'、'eight'、'nine'である。 関数は、英単語の数を小さい方から大きい方へとソートした文字列を返す。",pass,pass,fail
20,find_closest_elements,（少なくとも長さ2以上の）リストnumbersから、互いに最も近いものを2つ選び、 順番に（小さい数、大きい数）返す。,pass,pass,fail
21,rescale_to_unit,(少なくとも 2 つ以上の要素からなる) リストnumbersに線形変換を適用し、 最小の数値が 0 になり、最大の数値が 1 になるリストを返す,pass,pass,fail
22,filter_integers,任意の種類の値が含まれるリストから整数値のみ抽出する,pass,pass,pass
23,strlen,引数で与えられた文字列の長さを返す,pass,pass,pass
24,largest_divisor,与えられた数nについて、nの約数のうち、nより小さい最大の数を求める,pass,pass,fail
25,factorize,与えられた整数の素因数のリストを小さいものから大きいものの順に返す。各因数は、 因数分解で現れる回数分、リストに登場する。引数の整数は全ての因数の積に等しくな ければならない。,pass,pass,fail
26,remove_duplicates,整数のリストから、複数回出現する要素をすべて取り除く。 要素の順序は入力と同じようにする。,pass,pass,pass
27,flip_case,与えられた文字列に対して、英小文字を英大文字に、英大文字を英小文字に変換する。,pass,pass,fail
28,concatenate,文字列のリストを1つの文字列に連結する,pass,pass,fail
29,filter_by_prefix,文字列のリストから、指定された接頭辞prefixで始まるものだけを取り出す。,pass,pass,fail
30,get_positive,リスト内の正の数だけを返す。,pass,pass,pass
31,is_prime,与えられた数が素数であれば真を、そうでなければ偽を返す。,pass,pass,fail
32,poly,点xにおける係数xsを持つ多項式の値を計算する。 return xs[0] + xs[1] * x + xs[1] * x^2 + .... xs[n] * x^n,fail,pass,fail
33,sort_third,この関数はリストlを受け取り、l'を返す。l'は、インデックスが3で割り 切れない場合はlと同じであるが、インデックスが3で割り切れる要素は ソートされている。,pass,pass,fail
34,unique,リスト内のユニークな要素をソートして返す,pass,pass,fail
35,max_element,リスト内の最大要素を返す。,pass,pass,pass
36,fizz_buzz,11または13で割り切れるn未満の整数の中に7という数字が現れる回数を返す。,pass,pass,pass
37,sort_even,この関数はリスト l を受け取り、l' を返す。l'は、インデックスが奇数の ときは l と同じで、インデックスが偶数のときはソートされている。,pass,pass,fail
38,encode_cyclic,3文字ごとに循環させてエンコードした文字列を返す。,pass,pass,fail
39,prime_fib,prime_fib はフィボナッチ数で、かつ素数であるn番目の数を返す。,pass,pass,fail
40,triples_sum_to_zero,triples_sum_to_zero は整数のリストを引数に取り、 リストの中に和が0になる３つの要素があればTrueを、 そうでなければFalseを返す。,pass,pass,fail
41,car_race_collision,完全な直線で無限に長い道路を想像してほしい。 n台の車が左から右に向かって走っている。同時に、別のn台の車が 右から左に向かって走っている。この2組の車は、最初は互いに非 常に離れている。すべての車は同じ速度で動く。2台の車は次のよ うに衝突する。左から右に動いている車が、右から左に動いている 車にぶつかること。 しかし、車は限りなく頑丈で強い。あたかも衝突しなかったかのよ うに、その軌道を進み続ける。,pass,pass,pass
42,incr_list,要素を1ずつ増やしたリストを返す。,pass,pass,fail
43,pairs_sum_to_zero,pairs_sum_to_zero は整数のリストを引数にとる。 リストの中に２つの要素の和がゼロになる要素があればTrueを、 そうでなければFalseを返す。,pass,pass,fail
44,change_base,引数xの基数をbaseに変換する。 返り値は変換後の文字列表現である。 基数は10未満である。,pass,pass,fail
45,triangle_area,三角形の一辺の長さと高さが与えられたとき、面積を返す。,pass,pass,fail
46,fib4,fib4数列はフィボナッチ数列に似た数列で、次のように定義される： fib4(0) -> 0 fib4(1) -> 0 fib4(2) -> 2 fib4(3) -> 0 fib4(n) -> fib4(n-1) + fib4(n-2) + fib4(n-3) + fib4(n-4). fib4数列のn番目の要素を効率的に計算する関数を書け。再帰は使わないこと。,pass,pass,pass
47,median,リスト l の要素の中央値を返す。,pass,pass,fail
48,is_palindrome,与えられた文字列が回文かどうかを判定する,pass,pass,fail
49,modp,2^n を p で割ったモジュロを返す。計算精度に注意。,pass,pass,pass
50,encode_shift,アルファベットの各文字を5ずつずらしてエンコードした文字列を返す。,pass,pass,fail
51,remove_vowels,remove_vowelsは文字列を引数に取り、母音を除いた文字列を返す関数である。,pass,pass,pass
52,below_threshold,リスト l 内の全ての数値が閾値 t 以下の場合、Trueを返す。,pass,pass,fail
53,add,2つの数xとyを足す,pass,pass,pass
54,same_chars,2つの単語が同じ文字セットから構成されるかどうか判定する。,fail,pass,fail
55,fib,n番目のフィボナッチ数を返す。,pass,pass,pass
56,correct_bracketing,"引数bracketsは""<""と"">""の文字列である。 すべての開き括弧が対応する閉じ括弧を持つ場合、Trueを返す。",pass,pass,fail
57,monotonic,リストの要素が単調増加または単調減少する場合にTrueを返す。,pass,pass,fail
58,common,2つのリストについて、ユニークな共通要素をソートして返す。,pass,pass,fail
59,largest_prime_factor,nの最大となる素因数を返す。ただし、 n > 1 を前提とし、素数ではないものとする。,pass,pass,pass
60,sum_to_n,sum_to_nは1からnまでの総和を求める関数である。,pass,pass,fail
61,correct_bracketing,"引数bracketsは""(""と"") ""からなる文字列である。 すべての開き括弧が対応する閉じ括弧を持つ場合、Trueを返す。",pass,pass,fail
62,derivative,xsは多項式の係数列を表す。 xs[0] + xs[1] * x + xs[2] * x^2 + .... 関数は、この多項式の導関数を同じ形式で返す。,pass,pass,fail
63,fibfib,FibFib数列はフィボナッチ数列に似た数列で、以下のように定義される： fibfib(0) == 0 fibfib(1) == 0 fibfib(2) == 1 fibfib(n) == fibfib(n-1) + fibfib(n-2) + fibfib(n-3). fibfib数列のn番目の要素を効率よく計算する関数を書いてください。,pass,pass,pass
64,vowels_count,Add more test cases.,fail,fail,fail
65,circular_shift,整数 x の桁を循環シフトする。shift 分だけ桁を右にシフトし、結果を文字列として返す。 もし、shift > 桁数なら、桁を反転して返す。,pass,pass,pass
66,digitSum,"タスク 文字列を引数にとり、英大文字のみのASCIIコードの和を返す関数を書く。 Examples: digitSum("""") => 0 digitSum(""abAB"") => 131 digitSum(""abcCd"") => 67 digitSum(""helloE"") => 69 digitSum(""woArBld"") => 131 digitSum(""aAaaaXa"") => 153",pass,pass,pass
67,fruit_distribution,"この課題では、果物の入ったカゴに配られたリンゴとオレンジの数を表す文字列が 与えられ、このカゴにはリンゴ、オレンジ、マンゴーの果実が入っている。オレンジ とリンゴの総数を表す文字列と、かごの中の果物の総数を表す整数が与えられたら、 かごの中のマンゴーの果物の数を返しなさい。 たとえば: fruit_distribution(""5 apples and 6 oranges"", 19) ->19 - 5 - 6 = 8 fruit_distribution(""0 apples and 1 oranges"",3) -> 3 - 0 - 1 = 2 fruit_distribution(""2 apples and 3 oranges"", 100) -> 100 - 2 - 3 = 95 fruit_distribution(""100 apples and 1 oranges"",120) -> 120 - 100 - 1 = 19",pass,pass,fail
68,pluck,非負整数のノードを持つ木の枝を表す配列が与えられたとする。あなたの仕事は、 ノードの1つを抜き取り、それを返すことである。 摘出されるノードは、最小偶数値を持つノードでなければならない。 同じ最小偶数値を持つノードが複数見つかった場合は、最小のインデックスを持つ ノードを返す。,pass,pass,fail
69,search,"正の整数の空でないリストが与えられる。0より大きく、その整数自身の値以上の頻度を 持つ最大の整数を返せ。整数の頻度とは、それがリストに現れる回数である。 そのような値が存在しない場合は -1 を返す。 例: search([4, 1, 2, 2, 3, 1]) == 2 search([1, 2, 2, 3, 3, 3, 4, 4, 4]) == 3 search([5, 5, 4, 4, 4]) == -1",pass,pass,pass
70,strange_sort_list,整数のリストが与えられたとき、リストを奇妙な順序で返す。 奇妙なソートとは、最小値から始まり、残りの整数の最大値、最小値の順で ソートすることである。,pass,pass,fail
71,triangle_area,"三角形の3辺の長さが与えられた。3辺が有効な三角形を形成していれば、 三角形の面積を小数点以下2桁で四捨五入して返す。そうでない場合は-1を 返す。 任意の2辺の和が3辺より大きいとき、3辺は有効な三角形となる。 例: triangle_area(3, 4, 5) == 6.00 triangle_area(1, 2, 10) == -1",pass,pass,fail
72,will_it_fly,物体qが飛べばTrueを、そうでなければFalseを返す関数を書け。 物体qはバランスが取れていて（つまり、リストが回文であって）、その要素の和が 最大荷重w以下であれば飛ぶ。,pass,pass,fail
73,smallest_change,"整数の配列arrが与えられたとき、その配列を回文配列にするために 必要な要素の最小数を求めよ。回文配列とは、前からも後からも同じ ようになる配列のことである。1回の変更で、1つの要素を他の任意の 要素に変更できる。 例えば: smallest_change([1,2,3,5,4,7,9,6]) == 4 smallest_change([1, 2, 3, 4, 3, 2, 2]) == 1 smallest_change([1, 2, 3, 2, 1]) == 0",pass,pass,pass
74,total_match,２つの文字列リストを受け取り、リストの全文字数の合計がもう一方 のリストより少ないリストを返す関数を書きなさい。,pass,pass,fail
75,is_multiply_prime,与えられた数が3つの素数の掛け算であればTrueを、そうでなければFalseを返す 関数を書きなさい。 引数 aは100以下を既知としていよい。 例: is_multiply_prime(30) == True 30 = 2 * 3 * 5,pass,pass,fail
76,is_simple_power,"あなたのタスクは、ある数xがnの単純なべき乗である場合にtrueを、 それ以外の場合にfalseを返す関数を書くことである。 xは、n**int=xのとき、nの単純なべき乗である。 例えば: is_simple_power(1, 4) => true is_simple_power(2, 2) => true is_simple_power(8, 2) => true is_simple_power(3, 2) => false is_simple_power(3, 1) => false is_simple_power(5, 3) => false",pass,pass,fail
77,iscube,整数aを受け取り、この整数がある整数の3乗である場合にTrue を返す関数を書きなさい。 注意：入力は常に処理可能であると仮定してよい。 例: iscube(1) ==> True iscube(2) ==> False iscube(-1) ==> True iscube(64) ==> True iscube(0) ==> True iscube(180) ==> False,fail,pass,fail
78,hex_key,"16進数の数字を文字列として受け取り、その中に含まれる素数である16進数の桁数を カウントする関数を作成するタスクが与えられました。素数とは、1より大きく、 2つのより小さい自然数の積でない自然数です。 16進数の桁には0, 1, 2, 3, 4, 5, 6, 7, 8, 9, A, B, C, D, E, Fがあります。 素数としては2, 3, 5, 7, 11, 13, 17,...があります。 したがって、次の数字のいずれかがいくつあるかを判定する必要があります： 2, 3, 5, 7, B（=10進数で11）, D（=10進数で13） 注意：入力は常に正確、または空の文字列であり、記号A, B, C, D, E, Fは常に 大文字であると仮定してよいです。 例： num = ""AB"" の場合、出力は 1 です。 num = ""1077E"" の場合、出力は 2 です。 num = ""ABED1A33"" の場合、出力は 4 です。 num = ""123456789ABCDEF0"" の場合、出力は 6 です。 num = ""2020"" の場合、出力は 2 です。be 2.",pass,pass,fail
79,decimal_to_binary,10進数形式の数値が与えられ、あなたのタスクはそれを2進数形式に変換することである。 この関数は、文字列を返し、その各文字は2進数を表す。文字列の各文字は'0'か'1'である。,pass,pass,fail
80,is_happy,あなたは文字列sが与えられる。 あなたのタスクは、その文字列が幸せかどうかをチェックすることである。 文字列は幸せとは、文字列の長さが少なくとも3以上で、連続する3文字がすべて異なる場合である。 例えば: is_happy(a) => False is_happy(aa) => False is_happy(abcd) => True is_happy(aabb) => False is_happy(adb) => True is_happy(xyy) => False,pass,pass,fail
81,numerical_letter_grade,学期最終週、教師は生徒に成績をつけなければならない。教師は独自のアルゴリズムで採点している。 問題は、彼女が成績評価に使ったコードを紛失してしまったことです。 彼女は何人かの生徒のGPAのリストをあなたに渡したので、あなたは次の表を使って評点のリストを 出力できる関数を書くことになりました。,pass,pass,pass
82,prime_length,文字列を受け取り、文字列の長さが素数であればTrueを、そうでなければFalseを返す関数を書く。 例 prime_length('Hello') == True prime_length('abcdcba') == True prime_length('kittens') == True prime_length('orange') == False,pass,pass,fail
83,starts_one_ends,正の整数 n が与えられたとき、n 桁の正の整数で 1 で始まるか もしくは終わる数のカウントを返す,pass,pass,fail
84,solve,"正の整数 N が与えられた時、その桁の総和を2進数で返す。 例 N = 1000のとき, 各桁の総和は1、だから返り値は ""1"". N = 150のとき,各桁の総和は6、 だから返り値は ""110"". N = 147のとき,各桁の総和は12、 だから返り値は ""1100"".",pass,pass,fail
85,add,空でない整数のリストlstが与えられたとき、奇数のインデックスにある偶数の要素を加える。,pass,pass,pass
86,anti_shuffle,文字列を引数として受け取り、その「順序付けられたバージョン」を返す関数を作成してください。 順序付けられたバージョンとは、各単語（空白で区切られた）の文字がASCII値に基づいて昇順に 並べ替えられた新しい単語に置き換えられた文字列です。 注意：文章内の単語と空白の順序はそのまま保ってください。,pass,pass,fail
87,get_row,"2次元のデータがネストされたリストとして与えられる。これは行列に似ているが、 行列とは異なり、各行は異なる数の列を含むことができる。 lstと整数xが与えられたとき、リスト内の整数xを見つけ、各タプルが0から始まる 座標（行、列）であるようなタプルのリスト[(x1, y1), (x2, y2) ...]を返す。 座標を最初は行の昇順でソートする。 また、行の座標を列の降順でソートする。",pass,pass,fail
88,sort_array,非負の整数からなる配列が与えられた場合、配列をソートしたコピーを返してください。 配列の最初の要素と最後の要素の和が奇数であれば、配列を昇順（小さい順）にソートします。 その和が偶数であれば、配列を降順（大きい順）にソートします。,pass,pass,fail
89,encrypt,文字列を引数にとり、アルファベットを回転させて暗号化した 文字列を返す関数encryptを作成せよ。 アルファベットは、文字位置を2倍して2つ下にシフトするように 回転する。 例: encrypt('hi') returns 'lm' encrypt('asdfghjkl') returns 'ewhjklnop' encrypt('gf') returns 'kj' encrypt('et') returns 'ix',pass,pass,fail
90,next_smallest,整数のリストが与えられる。 リストの2番目に小さい要素を返す関数 next_smallest() を書きなさい。 そのような要素がない場合は None を返す。,pass,pass,fail
91,is_bored,"単語の文字列が与えられ、あなたのタスクは退屈指数を数える ことである。退屈指数とは、""I ""で始まる文のことである。 文は'.'、’?’、'!'のいずれかで区切られる。",pass,pass,fail
92,any_int,3つの数値を受け取る関数を作る。 1つの数値が他の2つの数値の和と等しく、すべての数値が整数である場合にTrueを返す。 それ以外の場合はFalseを返す。,pass,pass,fail
93,encode,メッセージを受け取り、すべての文字の大文字と小文字を入れ替え、 メッセージ中のすべての母音を英語の母音の2つ前に現れる文字に置 き換えるようにエンコードする関数を書きなさい。  文字だけを想定する。,fail,pass,fail
94,skjkasdkd,"整数のリストが与えらる。 最大の素数を求め、その桁数の和を返す必要がある。 例: lst = [0,3,2,1,3,5,7,4,5,5,5,2,181,32,4,32,3,2,32,324,4,3] のとき、返り値は10 lst = [1,0,1,8,2,4597,2,1,3,40,1,2,1,2,4,2,5,1]のとき、返り値は 25 lst = [1,3,1,32,5107,34,83278,109,163,23,2323,32,30,1,9,3]のとき、返り値は13 lst = [0,724,32,71,99,32,6,0,5,91,83,0,5,6]のとき、返り値は11 lst = [0,81,12,3,1,21]のとき、返り値は3 lst = [0,8,1,2,1,7]のとき、返り値は7",pass,pass,fail
95,check_dict_case,"辞書が与えられたとき、すべてのキーが小文字であればTrueを、 すべてのキーが大文字の文字列であればFalseを返す。 与えられた辞書が空の場合、この関数は False を返す。 例: check_dict_case({""a"":""apple"", ""b"":""banana""}) は、 Trueを返す。 check_dict_case({""a"":""apple"", ""A"":""banana"", ""B"":""banana""}) は、  Falseを返す。 check_dict_case({""a"":""apple"", 8:""banana"", ""a"":""apple""}) は、  Falseを返す。 check_dict_case({""Name"":""John"", ""Age"":""36"", ""City"":""Houston""}) は、  Falseを返す。 check_dict_case({""STATE"":""NC"", ""ZIP"":""12345"" }) は、 Trueを返す。",pass,pass,fail
96,count_up_to,"非負整数を受け取り、素数でnより小さい最初のn個の 整数の配列を返す関数を実装せよ。 例えば: count_up_to(5) => [2,3] count_up_to(11) => [2,3,5,7] count_up_to(0) => [] count_up_to(20) => [2,3,5,7,11,13,17,19] count_up_to(1) => [] count_up_to(18) => [2,3,5,7,11,13,17]",pass,pass,pass
97,multiply,"2つの整数を受け取り、その１の位の数の積を返す関数を完成させよ。 入力は常に有効範囲にあるとする。 例: multiply(148, 412) は16を返す。 multiply(19, 28) は72を返す。 multiply(2020, 1851) は0を返す。 multiply(14,-15) は20を返す。",pass,pass,pass
98,count_upper,文字列 s が与えられたとき、偶数のインデックスに含まれる大文字の母音の数を数える。 例えば: count_upper('aBCdEf') returns 1 count_upper('abcdefg') returns 0 count_upper('dBBE') returns 0,pass,pass,pass
99,closest_integer,数値を表す文字列valueを受け取り、それに最も近い整数を返す関数を作る。 その数値が2つの整数から等距離にある場合は、ゼロから四捨五入する。,pass,pass,fail
100,make_a_pile,正の整数nが与えられたとき、n段の石の山を作らなければならない。 最初の段にはn個の石がある。 次の段の石の数は - nが奇数なら次の奇数。 - nが偶数なら次の偶数。 各段の石の数をリストで返す。インデックス i の要素は、段 (i+1) の石の 数を表すものとする。 例:,pass,pass,pass
101,words_string,カンマまたは空白で区切られた単語の文字列が与えられる。あなたのタスクは、 文字列を単語に分割し、単語の配列を返すことである。,pass,pass,pass
102,choose_num,"この関数は2つの正の数xとyを受け取り、範囲[x, y]（両端を含む）に含まれる 最大の偶数整数を返す。そのような数がない場合、関数は-1を返す。",pass,pass,fail
103,rounded_avg,"2つの正の整数nとmが与えられており、あなたのタスクはnからmまでの 整数（nとmを含む）の平均を計算することである。 答えを最も近い整数に丸め、2進数に変換せよ。 nがmより大きい場合は-1を返す。 例: rounded_avg(1, 5) => ""0b11"" rounded_avg(7, 5) => -1 rounded_avg(10, 20) => ""0b1111"" rounded_avg(20, 33) => ""0b11010""",pass,pass,fail
104,unique_digits,正の整数xのリストが与えられたとき、偶数桁の要素を持たない全ての 要素をソートしたリストを返す。,pass,pass,fail
105,by_length,"整数の配列が与えられたとき、1から9までの整数をソートし、 得られた配列を逆順にし、各桁を以下の数字に相当する名前に置き換える。 ""One""、""Two""、""Three""、""Four""、""Five""、""Six""、""Seven""、""Eight""、""Nine "" 例えば: arr = [2, 1, 1, 4, 5, 8, 2, 3]    -> arrをソート -> [1, 1, 2, 2, 3, 4, 5, 8]  -> arrを逆順 -> [8, 5, 4, 3, 2, 2, 1, 1] [""Eight"", ""Five"", ""Four"", ""Three"", ""Two"", ""Two"", ""One"", ""One""]を返す。",pass,pass,fail
106,f,"iは1から始まる。iの階乗は1からiまでの数の掛け算（1 * 2 * ... * i）である。 Example: f(5) == [1, 2, 6, 24, 15]",pass,pass,fail
107,even_odd_palindrome,与えられた正の整数 nに対して、範囲 1 から n まで（両端を含む）に存在する 偶数の回文数(integer palindrome)と奇数の回文数の個数をタプル形式で返す。,pass,pass,fail
108,count_nums,"count_nums 関数は、整数の配列を引数として受け取り、その配列内の各整数の各桁の合計が  >0 となるような整数の個数を返す。負の数に関しては、最初の桁（符号付き桁）は負となる。 たとえば、−123 の符号付き桁は −1, 2, 3 である。",pass,pass,fail
109,move_one_ball,"N個の整数arr[1], arr[2], ..., arr[N]なる配列 'arr' があります。 この配列の数字はランダムな順番に並んでいます。あなたの課題は、以下の操作を何度でも行うことで、 配列を非減少.の順番にソートできるかどうかを判断することです。 操作として許されているのは「右シフト」です。",pass,pass,fail
110,exchange,"この問題では、2つの数のリストを受け取り、lst1を偶数のみのリストに するために、それらの間で要素の交換を行うことが可能かどうかを判断す る関数を実装する。 lst1とlst2の間で交換される要素の数に制限はない。 lst1とlst2の間で要素の交換を行い、lst1の要素をすべて偶数にすることが 可能であれば、""YES ""を返す。 そうでなければ ""NO ""を返す。 例えば: exchange([1, 2, 3, 4], [1, 2, 3, 4]) => ""YES"" exchange([1, 2, 3, 4], [1, 5, 3, 4]) => ""NO"" 受け取るリストは空でないと前提してよい。",pass,pass,fail
111,histogram,空白で区切られた小文字を表す文字列が与えられる。最も出現回数が多い文字と 対応するカウントの辞書を返す。 複数の文字が同じ出現回数を持つ場合、それらすべてを返す。,pass,pass,fail
112,reverse_delete,"課題 sとcの2つの文字列が与えられる。sに含まれる文字のうち、cに含まれる文字と 等しいものをすべて削除し、その結果の文字列が回文かどうかをチェックする。 文字列は、後ろから読んでも前から読んでも同じであれば回文と呼ばれる。 結果文字列とチェックのためのTrue/Falseを含むタプルを返す必要がある。 例 s = ""abcde"", c = ""ae""のとき、結果は ('bcd',False) s = ""abcdef"", c = ""b""  のとき、結果は ('acdef',False) s = ""abcdedcba"", c = ""ab"", のとき、結果は  ('cdedc',True)",pass,pass,fail
113,odd_count,"数字のみで構成された文字列のリストを引数として受け取り、新しいリストを返します。 出力される新しいリストの各要素は、""the number of odd elements in the string i of the  input.""となりますが、この文字列内のすべての 'i' は、入力リストのi番目の文字列に含ま れる奇数の数に置き換えられます。",pass,pass,fail
114,minSubArraySum,"整数の配列 nums が与えられたとき、nums の空でない部分配列の最小和を求めよ。 例: minSubArraySum([2, 3, 4, 1, 2, 4]) == 1 minSubArraySum([-1, -2, -3]) == -6",pass,pass,fail
115,max_fill,長方形のグリッド状(grid)の井戸が与えられる。各行が1つの井戸を表し、 行の1が1単位の水を表す。 各井戸には，そこから水を汲み上げるのに使える対応するバケツがあり， すべてのバケツ容量(capacity)は同じである． あなたの仕事は，バケツを使って井戸を空にすることである． バケツを降ろす回数を出力せよ．,pass,pass,fail
116,sort_array,"この問題では、非負整数の配列を2進数表現における""1""の個数を昇順でソートする。 ""1""の個数が同じ場合は，10進数に基づいてソートする。",pass,fail,fail
117,select_words,"ある文字列sと自然数nが与えらる。あなたに課せられたタスクは、文字列s の中から、ちょうどn個の子音を含むすべての単語のリストを現れる順に返す 関数を実装することである。 注意：入力文字列には英文字と空白しか含まれないと仮定してもよい。 例: select_words(""Mary had a little lamb"", 4) ==> [""little""] select_words(""Mary had a little lamb"", 3) ==> [""Mary"", ""lamb""] select_words(""simple white space"", 2) ==> [] select_words(""Hello world"", 4) ==> [""world""] select_words(""Uncle sam"", 3) ==> [""Uncle""]",pass,pass,fail
118,get_closest_vowel,単語が与えられる。あなたの仕事は、単語の右側から2つの子音（大文字と 小文字を区別）の間に立っている最も近い母音を見つけることである。,pass,pass,fail
119,match_parens,2つの文字列からなるリストが与えられます。両方の文字列は開き括弧 '(' または 閉じ括弧 ')' のみで構成されています。 あなたの仕事は、2つの文字列を何らかの順序で結合して、「良い」文字列にすることが 可能かどうかを確認することです。,pass,pass,pass
120,maximum,整数の配列 arr と正の整数 k が与えられる。arr に含まれる大きい方から k 個の数を含む 長さ k のソート済みリストを返す。,pass,pass,fail
121,solution,"整数の空でないリストが与えられた時、偶数の位置にある奇数の要素の合計を返す。 例 solution([5, 8, 7, 1]) ==> 12 solution([3, 3, 3, 3, 3]) ==> 9 solution([30, 13, 24, 321]) ==>0",pass,pass,fail
122,add_elements,整数の空でない配列 arr と整数 k が与えられたとき、 arr の最初の k 個の要素から高々 2 桁までの要素の和を返す。,pass,pass,fail
123,get_odd_collatz,正の整数nが与えられたとき、コラッツ数列の奇数を持つソートされたリストを返す。 コラッツ予想とは数学の予想で、次のように定義される数列に関するものである：  任意の正の整数nから始め、各項は前の項から次のように求められる。 前の項が偶数なら、次の項は前の項の2分の1である。前の項が奇数の場合、次の項は前の項の3倍＋1である。 予想では、nがどのような値であっても、数列は必ず1に達する。,pass,pass,fail
124,valid_date,"与えられた日付文字列を検証し、その日付が有効であればTrueを、そうでなければFalseを返す関数を書く必要がある。 日付が有効であるのは、以下のルールがすべて満たされている場合である： 1. 日付文字列が空でない。 2. 日数が、月1,3,5,7,8,10,12の場合、1日以上31日以下である。また、月4,6,9,11については、日数が1以上30日以下である。また、月2については、日数が1以上29以下であること。 3. 月は1未満または12以上であってはならない。 4. 日付はmm-dd-yyyyの形式でなければならない。",pass,pass,fail
125,split_words,"単語の文字列が与えられた場合、空白で分割された単語のリストを返す。 テキスト中に空白が存在しない場合は、カンマ ',' で分割する必要がある。カンマが存在しない場合は、 アルファベットの奇数順の小文字の数を返す必要がある。ord('a') = 0, ord('b') = 1, ... ord('z') = 25 例 split_words(""Hello world!"") ➞ [""Hello"", ""world!""] split_words(""Hello,world!"") ➞ [""Hello"", ""world!""] split_words(""abcdef"") == 3",pass,pass,fail
126,is_sorted,数字のリストが与えられたとき、昇順に整列されているかどうかを返す。 リストに同じ数の重複が1つ以上ある場合は、Falseを返す。 負の数はなく、整数のみであると仮定する。,pass,pass,fail
127,intersection,"2つの区間が与えられます。 それぞれの区間は整数のペアで示されます。例えば、区間 = (start, end ) = (1, 2) です。 与えられた区間は閉区間であり、start と end の両端が含まれます。 各区間について、start は end 以下であると仮定します。",fail,pass,fail
128,prod_signs,整数の配列 arr が与えられます。この配列に含まれる各数値の絶対値の合計と、 各数値の符号（プラスは1、マイナスは-1、ゼロは0）の積を掛け合わせた値を 返してください。 注意：配列`arr`が空の場合は`None`を返してください。,pass,pass,fail
129,minPath,"N行とN列 (N >= 2)) のグリッドと正の整数kが与えられた場合、各セルには値が含まれている。 範囲[1, N * N]（両端を含む）のすべての整数は、グリッドのセルに一度だけ表れる。",pass,fail,fail
130,tri,"フィボナッチ数列は、ここ数世紀の間に数学者によって深く研究され、誰もが知っている。 しかし、人々が知らないのはトリボナッチ数列である。 トリボナッチ数列は再帰によって定義される: tri(1) = 3 tri(n) = 1 + n / 2,    n が偶数の場合. tri(n) =  tri(n - 1) + tri(n - 2) + tri(n + 1),  n が奇数の場合d. 例えば: tri(2) = 1 + (2 / 2) = 2 tri(4) = 3 tri(3) = tri(2) + tri(1) + tri(4) = 2 + 3 + 3 = 8  あなたは非負の整数nが与えられるので、トリボナッチ数列の最初のn + 1個の数の リストを返さなければならない。 例: tri(3) = [1, 3, 2, 8]",fail,pass,pass
131,digits,正の整数 n が与えられた時、奇数桁数の積を返す。 全ての桁が偶数の場合は0を返す。 例えば: digits(1)  == 1 digits(4)  == 0 digits(235) == 15,pass,pass,fail
132,is_nested,この関数は、角括弧だけを含む文字列を入力として受け取ります。括弧が有効な順序で 並んでいて、その中に少なくとも1つの括弧が入れ子になっている場合、関数はTrueを 返すようにしてください。,fail,fail,fail
133,sum_squares,"数字のリストが与えられます。 与えられたリスト内の各数値をまず切り上げ（天井関数を使って最も近い整数に丸める）、 その後それぞれの数値を二乗した値の合計を返してください。 例: lst = [1,2,3] のときの出力は 14 lst = [1,4,9] のときの出力は 98 lst = [1,3,5,7] のときの出力は 84 lst = [1.4,4.2,0] のときの出力は 29 lst = [-2.4,1,1] のときの出力は 6",pass,pass,pass
134,check_if_last_char_is_a_letter,"与えられた文字列の最後の文字がアルファベットであり、かつ単語の一部でなければTrueを、 そうでなければFalseを返す関数を作成せよ。 注意：単語とはスペースで区切られた文字の並びである。 例: check_if_last_char_is_a_letter(""apple pie"") ➞ False check_if_last_char_is_a_letter(""apple pi e"") ➞ True check_if_last_char_is_a_letter(""apple pi e "") ➞ False check_if_last_char_is_a_letter("""") ➞ False",pass,pass,fail
135,can_arrange,"直前の要素よりも大きくない要素の中で、最も大きなインデックスを持つ要素を探して そのインデックスを返す関数を作成してください。そのような要素が存在しない場合は、 -1を返してください。与えられる配列には重複する値は含まれません。 例: can_arrange([1,2,4,3,5]) = 3 can_arrange([1,2,3]) = -1",pass,pass,pass
136,largest_smallest_integers,"リストから最も大きな負の整数と最も小さな正の整数を見つけ、それらをタプル（a, b） として返す関数を作成してください。リストに負の整数もしくは正の整数がない場合は、 代わりにNoneを返します。",pass,pass,fail
137,compare_one,"整数、浮動小数点数、または実数を表す文字列を引数として受け取り、その中で最も大きい値を その元の型で返す関数を作成してください。もし値が同じであれば、Noneを返してください。 注意：実数が文字列として表されている場合、小数点はピリオド（.）またはカンマ（,）の可能性があります。",pass,pass,fail
138,is_equal_to_sum_even,与えられた数値nが、ちょうど4つの正の偶数の合計として表現できるかどうかを評価してください。 例 is_equal_to_sum_even(4) == False is_equal_to_sum_even(6) == False is_equal_to_sum_even(8) == True,pass,pass,fail
139,special_factorial,ブラジリアン階乗は次のように定義される： brazilian_factorial(n) = n！* (n-1)! * (n-2)! * ... * 1! ただし n > 0,pass,pass,pass
140,fix_spaces,文字列テキストが与えられた場合、その中のすべての空白をアンダースコアに置換し、 文字列が2つ以上の連続した空白を持つ場合、すべての連続した空白を - に置換する,pass,pass,fail
141,file_name_check,"ファイル名を表す文字列を受け取り、そのファイル名が有効であれば'Yes'を返し、そうでなければ'No' を返す関数を作成する。ファイル名が有効であるとみなされるのは、 以下の条件をすべて満たす場合のみである： - ファイル名に3桁以上の数字（'0'-'9'）があってはならない。 - ファイル名に含まれるドット '.' はひとつのみ。 - ドットの前の部分文字列は空であってはならず、英文字（'a'-'z'および'A'-'Z'）から始まる文字でなければならない。 - ドットの後の部分文字列は、以下のいずれかでなければならない： ['txt'、'exe'、'dll']。 例: file_name_check(""example.txt"") # => 'Yes' file_name_check(""1example.dll"") # => 'No' (名前は英文字で始まらないといけない）",pass,pass,fail
142,sum_squares,""" この関数は整数のリストを受け取ります。リスト内の各要素に対して、そのインデックスが3の倍数で あればその整数を二乗し、インデックスが4の倍数でかつ3の倍数でない場合はその整数を三乗します。 インデックスが3または4の倍数でない要素については、何も変更しません。最後に、すべての要素の 合計値を返します。",fail,pass,pass
143,words_in_sentence,文を表す文字列が与えられ、その文には空白で区切られたいくつかの単語が含まれている。 元の文の単語を含みその長さが素数である文字列を返す必要がある。 新しい文字列の単語の順序は元の文字列と同じでなければならない。,pass,pass,fail
144,simplify,あなたの仕事は、式 x * n を簡単にする関数を実装することです。 この関数は、x * n が整数になる場合はTrueを、そうでない場合はFalseを 返します。xとnはともに分数の文字列表現であり、<分子>/<分母>という形式で、 分子と分母はともに正の整数です。,pass,pass,fail
145,order_by_points,"各数字の桁の合計に基づいて、与えられた整数のリストを昇順に並べる 関数を作成してください。 注意：もし桁の合計が同じである複数の項目がある場合は、 元のリストでの位置に基づいて並べてください。 例えば >> order_by_points([1, 11, -1, -11, -12]) == [-1, -11, 1, -12, 11]. >> order_by_points([]) == [].",fail,fail,fail
146,specialFilter,"数値の配列を入力とし、配列中の要素のうち、10より大きく、 かつ数値の最初と最後の桁の両方が奇数（1, 3, 5, 7, 9）である要素の数を返す関数を書く。 例えば specialFilter([15, -73, 14, -15]) => 1  specialFilter([33, -2, -3, 45, 21, 109]) => 2",pass,pass,pass
147,get_max_triples,"正の整数 n が与えられるので、長さ n の整数配列 a を作成せよ。 各 i (1 ≤ i ≤ n) に対して、 a[i] = i * i - i + 1 とする。 i < j < k において、a[i] + a[j] + a[k] が3の倍数となるような三つ組 (a[i], a[j], a[k]) を返す。",pass,pass,fail
148,bf,"私たちの太陽系には8つの惑星があります：太陽に最も近いのはVenus, Earth, Mars, Jupiter, Saturn,  Uranus, Neptuneです。 planet1とplanet2という2つの惑星名を文字列として受け取る関数を作成してください。 この関数は、planet1の軌道とplanet2の軌道の間に位置するすべての惑星を太陽に近い順に並べたタプルを返すべきです。 planet1またはplanet2が正確な惑星名でない場合、関数は空のタプルを返すべきです。 例 bf(""Jupiter"", ""Neptune"") ==> (""Saturn"", ""Uranus"") bf(""Earth"", ""Mercury"") ==> (""Venus"") bf(""Mercury"", ""Uranus"") ==> (""Venus"", ""Earth"", ""Mars"", ""Jupiter"", ""Saturn"")",pass,pass,fail
149,sorted_list_sum,"文字列のリストを引数として受け取る関数を作成してください。 この関数は、リストから奇数の長さを持つ文字列を削除し、 結果として得られるリストを長さで昇順に並べ替えて返します。 リストは常に文字列のリストであり、数字の配列ではありません。 また、重複する文字列が含まれる可能性があります。 リストは各単語の長さで昇順に並べられるべきで、そのルールに従ってソートされたリストを返してください。 もし二つの単語が同じ長さであれば、リストをアルファベット順に並べ替えてください。 関数はソートされた順序で文字列のリストを返すべきです。 すべての単語が同じ長さを持つと仮定しても構いません。 例えば: assert list_sort([""aa"", ""a"", ""aaa""]) => [""aa""] assert list_sort([""ab"", ""a"", ""aaa"", ""cd""]) => [""ab"", ""cd""]",pass,pass,fail
150,x_or_y,素数である場合はxの値を返し、それ以外の場合はyの値を返す簡単なプログラム。,pass,pass,fail
151,double_the_difference,数字のリストが与えられた場合、そのリスト内の奇数の数値の二乗の合計を返してください。 負の数や整数でない数は無視してください。,pass,pass,pass
152,compare,待ち望んでいた出来事の結果がようやく判明したときの感覚は、誰もが覚えていると思う。 その瞬間に抱いた感情や思考は、間違いなくメモして比較する価値がある。 あなたの仕事は、人がいくつかの試合の結果を正確に予想したかどうかを判断することです。 スコアと予想の2つの配列が等しい長さで与えられます。各インデックスは1つの試合を示しています。 各予想がどれだけ外れていたかを示す同じ長さの配列を返してください。予想が正確であれば、 その値は0です。そうでなければ、その値は予想とスコアの絶対的な差です。,pass,pass,pass
153,Strongest_Extension,"クラスの名前（文字列）と拡張子のリストが与えられます。 この拡張子は、指定されたクラスに追加のクラスをロードするために使用されます。 拡張子の強度は次のように計算されます：CAPは拡張子の名前に含まれる 大文字の数、SMは小文字の数です。強度は、CAP - SM で与えられます。 最も強い拡張子を見つけて、この形式の文字列を返してください：ClassName.StrongestExtensionName。 同じ強度を持つ2つ以上の拡張子がある場合は、リストで最初に来るものを選びます。 例えば、""Slices""というクラスと、拡張子のリスト['SErviNGSliCes', 'Cheese', 'StuFfed'] が与えられた場合、' SErviNGSliCes'が最も強い拡張子（強度は-1）となるため、'Slices.SErviNGSliCes'を返すべきです。 例： Strongest_Extension('my_class', ['AA', 'Be', 'CC']) == 'my_class.AA'",pass,pass,pass
154,cycpattern_check,"2つの単語が与えられる。2番目の単語またはその回転させた文字列が最初の単語の部分文字列である場合、Trueを返す必要がある。 cycpattern_check(""abcd"",""abd"") => False cycpattern_check(""hello"",""ell"") => True cycpattern_check(""whassup"",""psus"") => False cycpattern_check(""abab"",""baa"") => True cycpattern_check(""efef"",""eeff"") => False cycpattern_check(""himenss"",""simen"") => True",pass,pass,fail
155,even_odd_count,"整数が与えられた場合、偶数桁数と奇数桁数をそれぞれ持つタプルを返す。 例: even_odd_count(-12) ==> (1, 1) even_odd_count(123) ==> (1, 2)",pass,pass,fail
156,int_to_mini_roman,正の整数が与えられたとき、ローマ数字に相当する文字列を小文字で返す。 制限事項1 <= num <= 1000 例:,pass,pass,pass
157,right_angle_triangle,"三角形の3辺の長さを与える。三角形が直角三角形ならTrueを、そうでなければFalseを返す。 直角三角形とは、1つの角が直角または90度である三角形のことである。 例: right_angle_triangle(3, 4, 5) == True right_angle_triangle(1, 2, 3) == False",pass,pass,fail
158,find_max,文字列のリストを受け取る関数を書きなさい。 リストは異なる単語を含む。異なる固有の文字数が最も多い単語を返す。 複数の文字列が同じ文字数を持つ場合は、辞書順で最初に来るものを返すことにする。,pass,pass,fail
159,eat,"あなたはお腹を空かせたウサギです。すでに一定数のニンジンを食べました。 これからさらにニンジンを食べなければその日の食事は完了しません。 あなたは [ 食事の後に食べたニンジンの総数, 食事の後に残ったニンジンの数 ] の配列を返してください。 もし残りのニンジンが十分でなければ、あなたは残りのニンジンをすべて食べますが、まだお腹が空いています。",pass,pass,pass
160,do_algebra,演算子(operator)とオペランド(operand)の2つのリストが与えられる。ひとつ目のリストは 基本的な算術演算を持ち、二つ目のリストは整数のリストである。与えられた2つのリストを 使って算術式を構築し、その評価結果を返そう。,pass,pass,fail
161,solve,"文字列sが与えられます。 もしs[i]がアルファベットなら、その文字の大文字と小文字を反転させる。そうでない場合は、そのままにしておく。 もし文字列にアルファベットが一つも含まれていない場合は、文字列全体を逆順にする。 関数は結果の文字列を返すようにします。 例 solve(""1234"") = ""4321"" solve(""ab"") = ""AB"" solve(""#a@C"") = ""#A@c""",pass,pass,fail
162,string_to_md5,文字列 text が与えられたとき、その md5 ハッシュと等価な文字列を返す。 text' が空文字列の場合は None を返す。,pass,pass,fail
163,generate_integers,正の整数aとbが与えられたとき、aとbの間にある偶数の数字を昇順で返してください。,pass,pass,fail
